id,section,name,logic,bphs_ref
1,A) Nabhasa (Ch.35),Rajju,All seven classical grahas placed only in movable signs.,Ch.35.7
2,A) Nabhasa (Ch.35),Mushala,All seven grahas only in fixed signs.,Ch.35.7
3,A) Nabhasa (Ch.35),Nala,All seven grahas only in dual signs.,Ch.35.7
4,A) Nabhasa (Ch.35),Māla,Benefics occupying any three kendras (1/4/7/10).,Ch.35.8
5,A) Nabhasa (Ch.35),Sarpa,Malefics occupying any three kendras.,Ch.35.8
6,A) Nabhasa (Ch.35),Gada,All grahas confined to any two successive kendras.,Ch.35.9
7,A) Nabhasa (Ch.35),Sakata,All grahas only in 1 and 7.,Ch.35.9
8,A) Nabhasa (Ch.35),Vihaga,All grahas only in 4 and 10.,Ch.35.9
9,A) Nabhasa (Ch.35),Śṛṅgāṭaka,"All grahas only in 1, 5 and 9.",Ch.35.10
10,A) Nabhasa (Ch.35),Hala,"All grahas only in (2,6,10) or (3,7,11) or (4,8,12).",Ch.35.10
11,A) Nabhasa (Ch.35),Vajra,All benefics in 1 and 7 OR all malefics in 4 and 10.,Ch.35.11
12,A) Nabhasa (Ch.35),Yava,All benefics in 4 and 10 OR all malefics in 1 and 7.,Ch.35.11
13,A) Nabhasa (Ch.35),Kamala,All seven grahas in the four kendras.,Ch.35.12
14,A) Nabhasa (Ch.35),Vapi,All seven grahas in all panaphara (2/5/8/11) OR all apoklima (3/6/9/12).,Ch.35.12
15,A) Nabhasa (Ch.35),Yupa,Seven grahas spread over 1–4.,Ch.35.13
16,A) Nabhasa (Ch.35),Śara,Seven grahas spread over 4–7.,Ch.35.13
17,A) Nabhasa (Ch.35),Śakti,Seven grahas spread over 7–10.,Ch.35.13
18,A) Nabhasa (Ch.35),Daṇḍa,Seven grahas spread over 10–1.,Ch.35.13
19,A) Nabhasa (Ch.35),Nauka,Seven consecutive houses starting at 1.,Ch.35.14
20,A) Nabhasa (Ch.35),Kūṭa,Seven consecutive houses starting at 4.,Ch.35.14
21,A) Nabhasa (Ch.35),Chatra,Seven consecutive houses starting at 7.,Ch.35.14
22,A) Nabhasa (Ch.35),Dhanus/Chāpa,Seven consecutive houses starting at 10.,Ch.35.14
23,A) Nabhasa (Ch.35),Chakra,Six alternate signs occupied from Lagna.,Ch.35.15
24,A) Nabhasa (Ch.35),Samudra,Six alternate signs occupied from 2nd house.,Ch.35.15
25,A) Nabhasa (Ch.35),Gola,All seven grahas in one sign.,Ch.35.16
26,A) Nabhasa (Ch.35),Yuga,All seven confined to two signs.,Ch.35.16
27,A) Nabhasa (Ch.35),Śūla,All seven confined to three signs.,Ch.35.16
28,A) Nabhasa (Ch.35),Kedāra,All seven confined to four signs.,Ch.35.16
29,A) Nabhasa (Ch.35),Pāśa,All seven confined to five signs.,Ch.35.16
30,A) Nabhasa (Ch.35),Dāma,All seven confined to six signs.,Ch.35.16
31,A) Nabhasa (Ch.35),Vīṇā,All seven spread over seven signs.,Ch.35.16
32,B) Named Yogas (Ch.36),Gaja‑Keśarī,Jupiter in a kendra from the Moon (not debilitated).,Ch.36.3–4
33,B) Named Yogas (Ch.36),Amala,"A benefic in the 10th from Lagna or from Moon, unafflicted.",Ch.36.5–6
34,B) Named Yogas (Ch.36),Parvata,Benefics in 1st/7th; malefics in 3rd/6th (or kendras filled by benefics without malefics).,Ch.36.7–8
35,B) Named Yogas (Ch.36),Kahāla,3rd lord strong and connected with 11th lord.,Ch.36.9–10
36,B) Named Yogas (Ch.36),Chāmara,Lagna lord strong in kendra/konas under benefic influence.,Ch.36.11–12
37,B) Named Yogas (Ch.36),Śaṅkha,5th and 6th lords in mutual kendras and strong; Lagna lord in a movable sign.,Ch.36.13–14
38,B) Named Yogas (Ch.36),Bherī,"1st, 2nd, 7th, 10th lords in kendras; Moon with benefic.",Ch.36.15–16
39,B) Named Yogas (Ch.36),Mṛdaṅga,2nd and 11th lords in kendra/trikona and strong; benefic Moon.,Ch.36.17
40,B) Named Yogas (Ch.36),Śrīnātha,7th lord in own/exaltation with benefic aspect; Lagna lord strong.,Ch.36.18
41,B) Named Yogas (Ch.36),Śārada,Jupiter in kendra; Venus in trine; Moon & Lagna lord strong.,Ch.36.19–20
42,B) Named Yogas (Ch.36),Matsya,Benefics in 4th/10th; malefics in 3rd/6th.,Ch.36.21–22
43,B) Named Yogas (Ch.36),Kūrma,Benefics in kendras in own/exaltation.,Ch.36.23–24
44,B) Named Yogas (Ch.36),Khadga,2nd and 9th lords in mutual kendra/trikona and strong.,Ch.36.25–26
45,B) Named Yogas (Ch.36),Lakṣmī,Lagna lord strong; Jupiter & Venus strong in kendra/trikona.,Ch.36.27–28
46,B) Named Yogas (Ch.36),Kusuma,Benefics in kendras; Lagna lord strong; Moon unafflicted.,Ch.36.29–30
47,B) Named Yogas (Ch.36),Kālanidhi,Mercury & Venus in 2nd or 11th with Jupiter’s aspect.,Ch.36.31–32
48,B) Named Yogas (Ch.36),Kalpadruma (Parijāta),Lagna lord in own/exaltation; its dispositor strong; and the next dispositor also strong.,Ch.36.33–34
49,B) Named Yogas (Ch.36),Trimūrti—Hari,Atmakaraka strong in kendra/konas with benefic aspect.,Ch.36.35–36
50,B) Named Yogas (Ch.36),Trimūrti—Hara,Putrakaraka strong similarly.,Ch.36.35–36
51,B) Named Yogas (Ch.36),Trimūrti—Brahmā,Amsa/creative significator strong by varga and aspect.,Ch.36.35–36
52,B) Named Yogas (Ch.36),Lagna‑Ādhi,Benefics in 6/7/8 from Lagna (Ādhi‑type).,Ch.36.37
53,C) Moon’s Yogas (Ch.37),Sunāpha,(Except Sun) planet(s) in 2nd from Moon.,Ch.37.3–6
54,C) Moon’s Yogas (Ch.37),Anāpha,(Except Sun) planet(s) in 12th from Moon.,Ch.37.3–6
55,C) Moon’s Yogas (Ch.37),Durudhura,Planets (except Sun) both 2nd and 12th from Moon.,Ch.37.3–6
56,C) Moon’s Yogas (Ch.37),Adhi from Moon,Benefics in 6/7/8 from Moon.,Ch.37.1–2
57,C) Moon’s Yogas (Ch.37),Dhana from Moon,Wealth combinations reckoned from Moon as Lagna.,Ch.37.7–12
58,C) Moon’s Yogas (Ch.37),Kemadruma (affliction),No planet in 2nd/12th from Moon; none in kendras from Moon; none in 2nd/12th from Lagna.,Ch.37.13
59,D) Sun’s Yogas (Ch.38),Vesi,Any planet(s) (except Moon) in 2nd from Sun.,Ch.38.1
60,D) Sun’s Yogas (Ch.38),Vasi,Any planet(s) (except Moon) in 12th from Sun.,Ch.38.1
61,D) Sun’s Yogas (Ch.38),Ubhayachari,Planets (except Moon) both 2nd and 12th from Sun.,Ch.38.1–4
62,E) Pañcha‑Mahāpuruṣa (Ch.75),Ruchaka,Mars in own/exaltation in a kendra.,Ch.75.1–2
63,E) Pañcha‑Mahāpuruṣa (Ch.75),Bhadrā,Mercury in own/exaltation in a kendra.,Ch.75.1–2
64,E) Pañcha‑Mahāpuruṣa (Ch.75),Haṁsa,Jupiter in own/exaltation in a kendra.,Ch.75.1–2
65,E) Pañcha‑Mahāpuruṣa (Ch.75),Mālavya,Venus in own/exaltation in a kendra.,Ch.75.1–2
66,E) Pañcha‑Mahāpuruṣa (Ch.75),Śaśa,Saturn in own/exaltation in a kendra.,Ch.75.1–2
67,F) Rāja‑Yoga Expanded (Ch.39),Rāja‑Yoga: 1L (Lagna lord) with 5L — conjunction,Lords 1L (Lagna lord) and 5L conjoin each other in any sign; both have at least neutral dignity; no severe affliction.,Ch.39
68,F) Rāja‑Yoga Expanded (Ch.39),Rāja‑Yoga: 1L (Lagna lord) with 5L — mutual aspect,Lords 1L (Lagna lord) and 5L mutually aspect each other (Parāśari full drishti); both have at least neutral dignity; no severe affliction.,Ch.39
69,F) Rāja‑Yoga Expanded (Ch.39),Rāja‑Yoga: 1L (Lagna lord) with 5L — mutual kendra,Lords 1L (Lagna lord) and 5L are placed in mutual kendras (1/4/7/10 from each other); both have at least neutral dignity; no severe affliction.,Ch.39
70,F) Rāja‑Yoga Expanded (Ch.39),Rāja‑Yoga: 1L (Lagna lord) with 5L — mutual trikona,Lords 1L (Lagna lord) and 5L are placed in mutual trikonas (1/5/9 from each other); both have at least neutral dignity; no severe affliction.,Ch.39
71,F) Rāja‑Yoga Expanded (Ch.39),Rāja‑Yoga: 1L (Lagna lord) with 5L — parivartana,Lords 1L (Lagna lord) and 5L are in mutual sign exchange (parivartana); both have at least neutral dignity; no severe affliction.,Ch.39
72,F) Rāja‑Yoga Expanded (Ch.39),Rāja‑Yoga: 1L (Lagna lord) with 9L — conjunction,Lords 1L (Lagna lord) and 9L conjoin each other in any sign; both have at least neutral dignity; no severe affliction.,Ch.39
73,F) Rāja‑Yoga Expanded (Ch.39),Rāja‑Yoga: 1L (Lagna lord) with 9L — mutual aspect,Lords 1L (Lagna lord) and 9L mutually aspect each other (Parāśari full drishti); both have at least neutral dignity; no severe affliction.,Ch.39
74,F) Rāja‑Yoga Expanded (Ch.39),Rāja‑Yoga: 1L (Lagna lord) with 9L — mutual kendra,Lords 1L (Lagna lord) and 9L are placed in mutual kendras (1/4/7/10 from each other); both have at least neutral dignity; no severe affliction.,Ch.39
75,F) Rāja‑Yoga Expanded (Ch.39),Rāja‑Yoga: 1L (Lagna lord) with 9L — mutual trikona,Lords 1L (Lagna lord) and 9L are placed in mutual trikonas (1/5/9 from each other); both have at least neutral dignity; no severe affliction.,Ch.39
76,F) Rāja‑Yoga Expanded (Ch.39),Rāja‑Yoga: 1L (Lagna lord) with 9L — parivartana,Lords 1L (Lagna lord) and 9L are in mutual sign exchange (parivartana); both have at least neutral dignity; no severe affliction.,Ch.39
77,F) Rāja‑Yoga Expanded (Ch.39),Rāja‑Yoga: 4L with 5L — conjunction,Lords 4L and 5L conjoin each other in any sign; both have at least neutral dignity; no severe affliction.,Ch.39
78,F) Rāja‑Yoga Expanded (Ch.39),Rāja‑Yoga: 4L with 5L — mutual aspect,Lords 4L and 5L mutually aspect each other (Parāśari full drishti); both have at least neutral dignity; no severe affliction.,Ch.39
79,F) Rāja‑Yoga Expanded (Ch.39),Rāja‑Yoga: 4L with 5L — mutual kendra,Lords 4L and 5L are placed in mutual kendras (1/4/7/10 from each other); both have at least neutral dignity; no severe affliction.,Ch.39
80,F) Rāja‑Yoga Expanded (Ch.39),Rāja‑Yoga: 4L with 5L — mutual trikona,Lords 4L and 5L are placed in mutual trikonas (1/5/9 from each other); both have at least neutral dignity; no severe affliction.,Ch.39
81,F) Rāja‑Yoga Expanded (Ch.39),Rāja‑Yoga: 4L with 5L — parivartana,Lords 4L and 5L are in mutual sign exchange (parivartana); both have at least neutral dignity; no severe affliction.,Ch.39
82,F) Rāja‑Yoga Expanded (Ch.39),Rāja‑Yoga: 4L with 9L — conjunction,Lords 4L and 9L conjoin each other in any sign; both have at least neutral dignity; no severe affliction.,Ch.39
83,F) Rāja‑Yoga Expanded (Ch.39),Rāja‑Yoga: 4L with 9L — mutual aspect,Lords 4L and 9L mutually aspect each other (Parāśari full drishti); both have at least neutral dignity; no severe affliction.,Ch.39
84,F) Rāja‑Yoga Expanded (Ch.39),Rāja‑Yoga: 4L with 9L — mutual kendra,Lords 4L and 9L are placed in mutual kendras (1/4/7/10 from each other); both have at least neutral dignity; no severe affliction.,Ch.39
85,F) Rāja‑Yoga Expanded (Ch.39),Rāja‑Yoga: 4L with 9L — mutual trikona,Lords 4L and 9L are placed in mutual trikonas (1/5/9 from each other); both have at least neutral dignity; no severe affliction.,Ch.39
86,F) Rāja‑Yoga Expanded (Ch.39),Rāja‑Yoga: 4L with 9L — parivartana,Lords 4L and 9L are in mutual sign exchange (parivartana); both have at least neutral dignity; no severe affliction.,Ch.39
87,F) Rāja‑Yoga Expanded (Ch.39),Rāja‑Yoga: 7L with 5L — conjunction,Lords 7L and 5L conjoin each other in any sign; both have at least neutral dignity; no severe affliction.,Ch.39
88,F) Rāja‑Yoga Expanded (Ch.39),Rāja‑Yoga: 7L with 5L — mutual aspect,Lords 7L and 5L mutually aspect each other (Parāśari full drishti); both have at least neutral dignity; no severe affliction.,Ch.39
89,F) Rāja‑Yoga Expanded (Ch.39),Rāja‑Yoga: 7L with 5L — mutual kendra,Lords 7L and 5L are placed in mutual kendras (1/4/7/10 from each other); both have at least neutral dignity; no severe affliction.,Ch.39
90,F) Rāja‑Yoga Expanded (Ch.39),Rāja‑Yoga: 7L with 5L — mutual trikona,Lords 7L and 5L are placed in mutual trikonas (1/5/9 from each other); both have at least neutral dignity; no severe affliction.,Ch.39
91,F) Rāja‑Yoga Expanded (Ch.39),Rāja‑Yoga: 7L with 5L — parivartana,Lords 7L and 5L are in mutual sign exchange (parivartana); both have at least neutral dignity; no severe affliction.,Ch.39
92,F) Rāja‑Yoga Expanded (Ch.39),Rāja‑Yoga: 7L with 9L — conjunction,Lords 7L and 9L conjoin each other in any sign; both have at least neutral dignity; no severe affliction.,Ch.39
93,F) Rāja‑Yoga Expanded (Ch.39),Rāja‑Yoga: 7L with 9L — mutual aspect,Lords 7L and 9L mutually aspect each other (Parāśari full drishti); both have at least neutral dignity; no severe affliction.,Ch.39
94,F) Rāja‑Yoga Expanded (Ch.39),Rāja‑Yoga: 7L with 9L — mutual kendra,Lords 7L and 9L are placed in mutual kendras (1/4/7/10 from each other); both have at least neutral dignity; no severe affliction.,Ch.39
95,F) Rāja‑Yoga Expanded (Ch.39),Rāja‑Yoga: 7L with 9L — mutual trikona,Lords 7L and 9L are placed in mutual trikonas (1/5/9 from each other); both have at least neutral dignity; no severe affliction.,Ch.39
96,F) Rāja‑Yoga Expanded (Ch.39),Rāja‑Yoga: 7L with 9L — parivartana,Lords 7L and 9L are in mutual sign exchange (parivartana); both have at least neutral dignity; no severe affliction.,Ch.39
97,F) Rāja‑Yoga Expanded (Ch.39),Rāja‑Yoga: 10L with 5L — conjunction,Lords 10L and 5L conjoin each other in any sign; both have at least neutral dignity; no severe affliction.,Ch.39
98,F) Rāja‑Yoga Expanded (Ch.39),Rāja‑Yoga: 10L with 5L — mutual aspect,Lords 10L and 5L mutually aspect each other (Parāśari full drishti); both have at least neutral dignity; no severe affliction.,Ch.39
99,F) Rāja‑Yoga Expanded (Ch.39),Rāja‑Yoga: 10L with 5L — mutual kendra,Lords 10L and 5L are placed in mutual kendras (1/4/7/10 from each other); both have at least neutral dignity; no severe affliction.,Ch.39
100,F) Rāja‑Yoga Expanded (Ch.39),Rāja‑Yoga: 10L with 5L — mutual trikona,Lords 10L and 5L are placed in mutual trikonas (1/5/9 from each other); both have at least neutral dignity; no severe affliction.,Ch.39
101,F) Rāja‑Yoga Expanded (Ch.39),Rāja‑Yoga: 10L with 5L — parivartana,Lords 10L and 5L are in mutual sign exchange (parivartana); both have at least neutral dignity; no severe affliction.,Ch.39
102,F) Rāja‑Yoga Expanded (Ch.39),Rāja‑Yoga: 10L with 9L — conjunction,Lords 10L and 9L conjoin each other in any sign; both have at least neutral dignity; no severe affliction.,Ch.39
103,F) Rāja‑Yoga Expanded (Ch.39),Rāja‑Yoga: 10L with 9L — mutual aspect,Lords 10L and 9L mutually aspect each other (Parāśari full drishti); both have at least neutral dignity; no severe affliction.,Ch.39
104,F) Rāja‑Yoga Expanded (Ch.39),Rāja‑Yoga: 10L with 9L — mutual kendra,Lords 10L and 9L are placed in mutual kendras (1/4/7/10 from each other); both have at least neutral dignity; no severe affliction.,Ch.39
105,F) Rāja‑Yoga Expanded (Ch.39),Rāja‑Yoga: 10L with 9L — mutual trikona,Lords 10L and 9L are placed in mutual trikonas (1/5/9 from each other); both have at least neutral dignity; no severe affliction.,Ch.39
106,F) Rāja‑Yoga Expanded (Ch.39),Rāja‑Yoga: 10L with 9L — parivartana,Lords 10L and 9L are in mutual sign exchange (parivartana); both have at least neutral dignity; no severe affliction.,Ch.39
107,F) Rāja‑Yoga Expanded (Ch.39),Rāja‑Yoga: 5L–9L — conjunction,5th and 9th lords conjoin each other in any sign; at least one strong (own/exaltation/vargottama).,Ch.39
108,F) Rāja‑Yoga Expanded (Ch.39),Rāja‑Yoga: 5L–9L — mutual aspect,5th and 9th lords mutually aspect each other (Parāśari full drishti); at least one strong (own/exaltation/vargottama).,Ch.39
109,F) Rāja‑Yoga Expanded (Ch.39),Rāja‑Yoga: 5L–9L — mutual kendra,5th and 9th lords are placed in mutual kendras (1/4/7/10 from each other); at least one strong (own/exaltation/vargottama).,Ch.39
110,F) Rāja‑Yoga Expanded (Ch.39),Rāja‑Yoga: 5L–9L — mutual trikona,5th and 9th lords are placed in mutual trikonas (1/5/9 from each other); at least one strong (own/exaltation/vargottama).,Ch.39
111,F) Rāja‑Yoga Expanded (Ch.39),Rāja‑Yoga: 5L–9L — parivartana,5th and 9th lords are in mutual sign exchange (parivartana); at least one strong (own/exaltation/vargottama).,Ch.39
112,F) Rāja‑Yoga Expanded (Ch.39),Benefic support to authority,Jupiter placed in the 2nd from anchor (counted from Lagna lord’s sign) without malefic conjunction/aspect.,Ch.39.9–10
113,F) Rāja‑Yoga Expanded (Ch.39),Benefic support to authority,Venus placed in the 2nd from anchor (counted from Lagna lord’s sign) without malefic conjunction/aspect.,Ch.39.9–10
114,F) Rāja‑Yoga Expanded (Ch.39),Benefic support to authority,Mercury (untainted) placed in the 2nd from anchor (counted from Lagna lord’s sign) without malefic conjunction/aspect.,Ch.39.9–10
115,F) Rāja‑Yoga Expanded (Ch.39),Benefic support to authority,waxing Moon placed in the 2nd from anchor (counted from Lagna lord’s sign) without malefic conjunction/aspect.,Ch.39.9–10
116,F) Rāja‑Yoga Expanded (Ch.39),Benefic support to authority,Jupiter placed in the 4th from anchor (counted from Lagna lord’s sign) without malefic conjunction/aspect.,Ch.39.9–10
117,F) Rāja‑Yoga Expanded (Ch.39),Benefic support to authority,Venus placed in the 4th from anchor (counted from Lagna lord’s sign) without malefic conjunction/aspect.,Ch.39.9–10
118,F) Rāja‑Yoga Expanded (Ch.39),Benefic support to authority,Mercury (untainted) placed in the 4th from anchor (counted from Lagna lord’s sign) without malefic conjunction/aspect.,Ch.39.9–10
119,F) Rāja‑Yoga Expanded (Ch.39),Benefic support to authority,waxing Moon placed in the 4th from anchor (counted from Lagna lord’s sign) without malefic conjunction/aspect.,Ch.39.9–10
120,F) Rāja‑Yoga Expanded (Ch.39),Benefic support to authority,Jupiter placed in the 5th from anchor (counted from Lagna lord’s sign) without malefic conjunction/aspect.,Ch.39.9–10
121,F) Rāja‑Yoga Expanded (Ch.39),Benefic support to authority,Venus placed in the 5th from anchor (counted from Lagna lord’s sign) without malefic conjunction/aspect.,Ch.39.9–10
122,F) Rāja‑Yoga Expanded (Ch.39),Benefic support to authority,Mercury (untainted) placed in the 5th from anchor (counted from Lagna lord’s sign) without malefic conjunction/aspect.,Ch.39.9–10
123,F) Rāja‑Yoga Expanded (Ch.39),Benefic support to authority,waxing Moon placed in the 5th from anchor (counted from Lagna lord’s sign) without malefic conjunction/aspect.,Ch.39.9–10
124,F) Rāja‑Yoga Expanded (Ch.39),Benefic support to authority,Jupiter placed in the 2nd from anchor (counted from Atmakaraka’s sign) without malefic conjunction/aspect.,Ch.39.9–10
125,F) Rāja‑Yoga Expanded (Ch.39),Benefic support to authority,Venus placed in the 2nd from anchor (counted from Atmakaraka’s sign) without malefic conjunction/aspect.,Ch.39.9–10
126,F) Rāja‑Yoga Expanded (Ch.39),Benefic support to authority,Mercury (untainted) placed in the 2nd from anchor (counted from Atmakaraka’s sign) without malefic conjunction/aspect.,Ch.39.9–10
127,F) Rāja‑Yoga Expanded (Ch.39),Benefic support to authority,waxing Moon placed in the 2nd from anchor (counted from Atmakaraka’s sign) without malefic conjunction/aspect.,Ch.39.9–10
128,F) Rāja‑Yoga Expanded (Ch.39),Benefic support to authority,Jupiter placed in the 4th from anchor (counted from Atmakaraka’s sign) without malefic conjunction/aspect.,Ch.39.9–10
129,F) Rāja‑Yoga Expanded (Ch.39),Benefic support to authority,Venus placed in the 4th from anchor (counted from Atmakaraka’s sign) without malefic conjunction/aspect.,Ch.39.9–10
130,F) Rāja‑Yoga Expanded (Ch.39),Benefic support to authority,Mercury (untainted) placed in the 4th from anchor (counted from Atmakaraka’s sign) without malefic conjunction/aspect.,Ch.39.9–10
131,F) Rāja‑Yoga Expanded (Ch.39),Benefic support to authority,waxing Moon placed in the 4th from anchor (counted from Atmakaraka’s sign) without malefic conjunction/aspect.,Ch.39.9–10
132,F) Rāja‑Yoga Expanded (Ch.39),Benefic support to authority,Jupiter placed in the 5th from anchor (counted from Atmakaraka’s sign) without malefic conjunction/aspect.,Ch.39.9–10
133,F) Rāja‑Yoga Expanded (Ch.39),Benefic support to authority,Venus placed in the 5th from anchor (counted from Atmakaraka’s sign) without malefic conjunction/aspect.,Ch.39.9–10
134,F) Rāja‑Yoga Expanded (Ch.39),Benefic support to authority,Mercury (untainted) placed in the 5th from anchor (counted from Atmakaraka’s sign) without malefic conjunction/aspect.,Ch.39.9–10
135,F) Rāja‑Yoga Expanded (Ch.39),Benefic support to authority,waxing Moon placed in the 5th from anchor (counted from Atmakaraka’s sign) without malefic conjunction/aspect.,Ch.39.9–10
136,F) Rāja‑Yoga Expanded (Ch.39),Valor/Overcoming (Upachaya malefics),Sun in the 3rd from anchor (from Lagna lord’s sign) while Lagna lord is unafflicted.,Ch.39.9–10
137,F) Rāja‑Yoga Expanded (Ch.39),Valor/Overcoming (Upachaya malefics),Mars in the 3rd from anchor (from Lagna lord’s sign) while Lagna lord is unafflicted.,Ch.39.9–10
138,F) Rāja‑Yoga Expanded (Ch.39),Valor/Overcoming (Upachaya malefics),Saturn in the 3rd from anchor (from Lagna lord’s sign) while Lagna lord is unafflicted.,Ch.39.9–10
139,F) Rāja‑Yoga Expanded (Ch.39),Valor/Overcoming (Upachaya malefics),Sun in the 6th from anchor (from Lagna lord’s sign) while Lagna lord is unafflicted.,Ch.39.9–10
140,F) Rāja‑Yoga Expanded (Ch.39),Valor/Overcoming (Upachaya malefics),Mars in the 6th from anchor (from Lagna lord’s sign) while Lagna lord is unafflicted.,Ch.39.9–10
141,F) Rāja‑Yoga Expanded (Ch.39),Valor/Overcoming (Upachaya malefics),Saturn in the 6th from anchor (from Lagna lord’s sign) while Lagna lord is unafflicted.,Ch.39.9–10
142,F) Rāja‑Yoga Expanded (Ch.39),Valor/Overcoming (Upachaya malefics),Sun in the 3rd from anchor (from Atmakaraka’s sign) while Lagna lord is unafflicted.,Ch.39.9–10
143,F) Rāja‑Yoga Expanded (Ch.39),Valor/Overcoming (Upachaya malefics),Mars in the 3rd from anchor (from Atmakaraka’s sign) while Lagna lord is unafflicted.,Ch.39.9–10
144,F) Rāja‑Yoga Expanded (Ch.39),Valor/Overcoming (Upachaya malefics),Saturn in the 3rd from anchor (from Atmakaraka’s sign) while Lagna lord is unafflicted.,Ch.39.9–10
145,F) Rāja‑Yoga Expanded (Ch.39),Valor/Overcoming (Upachaya malefics),Sun in the 6th from anchor (from Atmakaraka’s sign) while Lagna lord is unafflicted.,Ch.39.9–10
146,F) Rāja‑Yoga Expanded (Ch.39),Valor/Overcoming (Upachaya malefics),Mars in the 6th from anchor (from Atmakaraka’s sign) while Lagna lord is unafflicted.,Ch.39.9–10
147,F) Rāja‑Yoga Expanded (Ch.39),Valor/Overcoming (Upachaya malefics),Saturn in the 6th from anchor (from Atmakaraka’s sign) while Lagna lord is unafflicted.,Ch.39.9–10
148,F) Rāja‑Yoga Expanded (Ch.39),Wealth by exalted benefic in 2nd,Jupiter exalted in the 2nd from Lagna or strong in Hora; no malefic conjunction.,Ch.39.18
149,F) Rāja‑Yoga Expanded (Ch.39),Wealth by exalted benefic in 2nd,Venus exalted in the 2nd from Lagna or strong in Hora; no malefic conjunction.,Ch.39.18
150,F) Rāja‑Yoga Expanded (Ch.39),Wealth by exalted benefic in 2nd,Mercury (untainted) exalted in the 2nd from Lagna or strong in Hora; no malefic conjunction.,Ch.39.18
151,F) Rāja‑Yoga Expanded (Ch.39),Wealth by exalted benefic in 2nd,waxing Moon exalted in the 2nd from Lagna or strong in Hora; no malefic conjunction.,Ch.39.18
152,F) Rāja‑Yoga Expanded (Ch.39),Viparīta‑like Rāja support,Sun debilitated in the 3rd; Lagna lord in own/exaltation and aspecting Lagna.,Ch.39.19–21
153,F) Rāja‑Yoga Expanded (Ch.39),Viparīta‑like Rāja support,Sun debilitated in the 6th; Lagna lord in own/exaltation and aspecting Lagna.,Ch.39.19–21
154,F) Rāja‑Yoga Expanded (Ch.39),Viparīta‑like Rāja support,Sun debilitated in the 8th; Lagna lord in own/exaltation and aspecting Lagna.,Ch.39.19–21
155,F) Rāja‑Yoga Expanded (Ch.39),Viparīta‑like Rāja support,Sun debilitated in the 12th; Lagna lord in own/exaltation and aspecting Lagna.,Ch.39.19–21
156,F) Rāja‑Yoga Expanded (Ch.39),Viparīta‑like Rāja support,Moon debilitated in the 3rd; Lagna lord in own/exaltation and aspecting Lagna.,Ch.39.19–21
157,F) Rāja‑Yoga Expanded (Ch.39),Viparīta‑like Rāja support,Moon debilitated in the 6th; Lagna lord in own/exaltation and aspecting Lagna.,Ch.39.19–21
158,F) Rāja‑Yoga Expanded (Ch.39),Viparīta‑like Rāja support,Moon debilitated in the 8th; Lagna lord in own/exaltation and aspecting Lagna.,Ch.39.19–21
159,F) Rāja‑Yoga Expanded (Ch.39),Viparīta‑like Rāja support,Moon debilitated in the 12th; Lagna lord in own/exaltation and aspecting Lagna.,Ch.39.19–21
160,F) Rāja‑Yoga Expanded (Ch.39),Viparīta‑like Rāja support,Mars debilitated in the 3rd; Lagna lord in own/exaltation and aspecting Lagna.,Ch.39.19–21
161,F) Rāja‑Yoga Expanded (Ch.39),Viparīta‑like Rāja support,Mars debilitated in the 6th; Lagna lord in own/exaltation and aspecting Lagna.,Ch.39.19–21
162,F) Rāja‑Yoga Expanded (Ch.39),Viparīta‑like Rāja support,Mars debilitated in the 8th; Lagna lord in own/exaltation and aspecting Lagna.,Ch.39.19–21
163,F) Rāja‑Yoga Expanded (Ch.39),Viparīta‑like Rāja support,Mars debilitated in the 12th; Lagna lord in own/exaltation and aspecting Lagna.,Ch.39.19–21
164,F) Rāja‑Yoga Expanded (Ch.39),Viparīta‑like Rāja support,Mercury debilitated in the 3rd; Lagna lord in own/exaltation and aspecting Lagna.,Ch.39.19–21
165,F) Rāja‑Yoga Expanded (Ch.39),Viparīta‑like Rāja support,Mercury debilitated in the 6th; Lagna lord in own/exaltation and aspecting Lagna.,Ch.39.19–21
166,F) Rāja‑Yoga Expanded (Ch.39),Viparīta‑like Rāja support,Mercury debilitated in the 8th; Lagna lord in own/exaltation and aspecting Lagna.,Ch.39.19–21
167,F) Rāja‑Yoga Expanded (Ch.39),Viparīta‑like Rāja support,Mercury debilitated in the 12th; Lagna lord in own/exaltation and aspecting Lagna.,Ch.39.19–21
168,F) Rāja‑Yoga Expanded (Ch.39),Viparīta‑like Rāja support,Jupiter debilitated in the 3rd; Lagna lord in own/exaltation and aspecting Lagna.,Ch.39.19–21
169,F) Rāja‑Yoga Expanded (Ch.39),Viparīta‑like Rāja support,Jupiter debilitated in the 6th; Lagna lord in own/exaltation and aspecting Lagna.,Ch.39.19–21
170,F) Rāja‑Yoga Expanded (Ch.39),Viparīta‑like Rāja support,Jupiter debilitated in the 8th; Lagna lord in own/exaltation and aspecting Lagna.,Ch.39.19–21
171,F) Rāja‑Yoga Expanded (Ch.39),Viparīta‑like Rāja support,Jupiter debilitated in the 12th; Lagna lord in own/exaltation and aspecting Lagna.,Ch.39.19–21
172,F) Rāja‑Yoga Expanded (Ch.39),Viparīta‑like Rāja support,Venus debilitated in the 3rd; Lagna lord in own/exaltation and aspecting Lagna.,Ch.39.19–21
173,F) Rāja‑Yoga Expanded (Ch.39),Viparīta‑like Rāja support,Venus debilitated in the 6th; Lagna lord in own/exaltation and aspecting Lagna.,Ch.39.19–21
174,F) Rāja‑Yoga Expanded (Ch.39),Viparīta‑like Rāja support,Venus debilitated in the 8th; Lagna lord in own/exaltation and aspecting Lagna.,Ch.39.19–21
175,F) Rāja‑Yoga Expanded (Ch.39),Viparīta‑like Rāja support,Venus debilitated in the 12th; Lagna lord in own/exaltation and aspecting Lagna.,Ch.39.19–21
176,F) Rāja‑Yoga Expanded (Ch.39),Viparīta‑like Rāja support,Saturn debilitated in the 3rd; Lagna lord in own/exaltation and aspecting Lagna.,Ch.39.19–21
177,F) Rāja‑Yoga Expanded (Ch.39),Viparīta‑like Rāja support,Saturn debilitated in the 6th; Lagna lord in own/exaltation and aspecting Lagna.,Ch.39.19–21
178,F) Rāja‑Yoga Expanded (Ch.39),Viparīta‑like Rāja support,Saturn debilitated in the 8th; Lagna lord in own/exaltation and aspecting Lagna.,Ch.39.19–21
179,F) Rāja‑Yoga Expanded (Ch.39),Viparīta‑like Rāja support,Saturn debilitated in the 12th; Lagna lord in own/exaltation and aspecting Lagna.,Ch.39.19–21
180,F) Rāja‑Yoga Expanded (Ch.39),Karma Rāja‑Yoga,10th lord in own/exaltation in 10th and aspecting Lagna or its lord.,Ch.39.21–22
181,F) Rāja‑Yoga Expanded (Ch.39),All‑benefic Kendras,All occupied kendras by benefics; no malefic in kendras.,Ch.39.48
182,F) Rāja‑Yoga Expanded (Ch.39),Moon–Venus mutual 3/11 (case A),Moon in 3rd from Venus and Venus in 11th from Moon; mutual aspect present.,Ch.39.41
183,F) Rāja‑Yoga Expanded (Ch.39),Moon–Venus mutual 3/11 (case B),Venus in 3rd from Moon and Moon in 11th from Venus; mutual aspect present.,Ch.39.41
184,F) Rāja‑Yoga Expanded (Ch.39),Exalted aspects on Lagna,Four or more exalted planets aspect Lagna (excluding Moon).,Ch.39.43
185,F) Rāja‑Yoga Expanded (Ch.39),Exalted aspects on Lagna,Four or more exalted planets aspect Lagna (excluding Moon).,Ch.39.43
186,F) Rāja‑Yoga Expanded (Ch.39),Exalted aspects on Lagna,Four or more exalted planets aspect Lagna (excluding Moon).,Ch.39.43
187,F) Rāja‑Yoga Expanded (Ch.39),Exalted aspects on Lagna,Four or more exalted planets aspect Lagna (excluding Moon).,Ch.39.43
188,F) Rāja‑Yoga Expanded (Ch.39),Arūḍha relations,AL and Darapada in mutual kendra/trine or 3–11; benefic influence on AL.,Ch.39.23
189,F) Rāja‑Yoga Expanded (Ch.39),Strong Vargottama Moon,Vargottama Moon with aspects from four or more planets.,Ch.39.42
190,F) Rāja‑Yoga Expanded (Ch.39),Birth moment factor,Birth within ~2.5 ghatis of noon or midnight yields eminence.,Ch.39.40
191,F) Rāja‑Yoga Expanded (Ch.39),Venus guarding gains,4/10/2/11 lords aspect Lagna; Venus aspects 11th from AL and AL holds a benefic.,Ch.39.29–31
192,F) Rāja‑Yoga Expanded (Ch.39),Benefic in Kendra,Jupiter placed in the 1st with shubha argalā; no papakartari on the house.,Ch.39
193,F) Rāja‑Yoga Expanded (Ch.39),Benefic in Kendra,Jupiter placed in the 4th with shubha argalā; no papakartari on the house.,Ch.39
194,F) Rāja‑Yoga Expanded (Ch.39),Benefic in Kendra,Jupiter placed in the 7th with shubha argalā; no papakartari on the house.,Ch.39
195,F) Rāja‑Yoga Expanded (Ch.39),Benefic in Kendra,Jupiter placed in the 10th with shubha argalā; no papakartari on the house.,Ch.39
196,F) Rāja‑Yoga Expanded (Ch.39),Benefic in Kendra,Venus placed in the 1st with shubha argalā; no papakartari on the house.,Ch.39
197,F) Rāja‑Yoga Expanded (Ch.39),Benefic in Kendra,Venus placed in the 4th with shubha argalā; no papakartari on the house.,Ch.39
198,F) Rāja‑Yoga Expanded (Ch.39),Benefic in Kendra,Venus placed in the 7th with shubha argalā; no papakartari on the house.,Ch.39
199,F) Rāja‑Yoga Expanded (Ch.39),Benefic in Kendra,Venus placed in the 10th with shubha argalā; no papakartari on the house.,Ch.39
200,F) Rāja‑Yoga Expanded (Ch.39),Benefic in Kendra,Mercury (untainted) placed in the 1st with shubha argalā; no papakartari on the house.,Ch.39
201,F) Rāja‑Yoga Expanded (Ch.39),Benefic in Kendra,Mercury (untainted) placed in the 4th with shubha argalā; no papakartari on the house.,Ch.39
202,F) Rāja‑Yoga Expanded (Ch.39),Benefic in Kendra,Mercury (untainted) placed in the 7th with shubha argalā; no papakartari on the house.,Ch.39
203,F) Rāja‑Yoga Expanded (Ch.39),Benefic in Kendra,Mercury (untainted) placed in the 10th with shubha argalā; no papakartari on the house.,Ch.39
204,F) Rāja‑Yoga Expanded (Ch.39),Benefic in Kendra,waxing Moon placed in the 1st with shubha argalā; no papakartari on the house.,Ch.39
205,F) Rāja‑Yoga Expanded (Ch.39),Benefic in Kendra,waxing Moon placed in the 4th with shubha argalā; no papakartari on the house.,Ch.39
206,F) Rāja‑Yoga Expanded (Ch.39),Benefic in Kendra,waxing Moon placed in the 7th with shubha argalā; no papakartari on the house.,Ch.39
207,F) Rāja‑Yoga Expanded (Ch.39),Benefic in Kendra,waxing Moon placed in the 10th with shubha argalā; no papakartari on the house.,Ch.39
208,G) Royal Association (Ch.40),10L with AmK,10th lord associated with Amatyakaraka (AmK) or AmK’s dispositor; or their mutual aspect.,Ch.40.1
209,G) Royal Association (Ch.40),Clean 10H/11H,10th & 11th free from malefic occupation/aspect; 11th aspected by its own lord.,Ch.40.2
210,G) Royal Association (Ch.40),AmK with dispositor of AK,AmK conjoins dispositor of Atmakaraka.,Ch.40.3
211,G) Royal Association (Ch.40),AK with benefic,Atmakaraka conjoins/aspected by a benefic.,Ch.40.4
212,G) Royal Association (Ch.40),AmK in own/exaltation,Amatyakaraka in own/exaltation sign.,Ch.40.4
213,G) Royal Association (Ch.40),AK in trines,Atmakaraka in 1/5/9.,Ch.40.5
214,G) Royal Association (Ch.40),AK or AmK in kendras/trines,Either karaka in kendra/konas.,Ch.40.6
215,G) Royal Association (Ch.40),War‑chief pattern,Malefics in 3/6 from AK or from Arudha Lagna.,Ch.40.7
216,G) Royal Association (Ch.40),AK aspects 9L,AK in kendra/konas/own/exaltation aspecting 9th lord.,Ch.40.8
217,G) Royal Association (Ch.40),Lunar‑AK ministership,Moon’s sign lord as AK in Lagna with benefic → ministerial association later.,Ch.40.9
218,G) Royal Association (Ch.40),AK in 5/7/10/9 with benefic,Yields royal wealth and favors.,Ch.40.10
219,G) Royal Association (Ch.40),AL(9) = Lagna or AK in 9th,Arudha of 9th equals Lagna or AK in 9th.,Ch.40.11
220,G) Royal Association (Ch.40),11L in 11H with protection,"11th lord in own sign/own house 11th, free from malefics; AK with benefic.",Ch.40.12
221,G) Royal Association (Ch.40),Parivartana 1L–10L,Exchange between Lagna lord and 10th lord.,Ch.40.13
222,G) Royal Association (Ch.40),Karakamsha 4th,Venus and Moon in 4th from Karakamsha.,Ch.40.14
223,G) Royal Association (Ch.40),LL/AK with 5L,Lagna lord or AK joined with 5th lord in kendras/trines.,Ch.40.15
224,H) Wealth (Ch.41),Venu‑5 & Ma‑11,Venus rules the 5th and occupies 5th; Mars in 11th.,Ch.41.2
225,H) Wealth (Ch.41),Budha‑5 & Mo+Ma+Ju‑11,Mercury rules 5th and occupies 5th; Moon+Mars+Jupiter in 11th.,Ch.41.3
226,H) Wealth (Ch.41),Surya‑5 & Sa+Mo+Ju‑11,Sun rules 5th and occupies it; Saturn+Moon+Jupiter in 11th.,Ch.41.4
227,H) Wealth (Ch.41),Sun+Moon‑11 & Sat‑5 own,Sun and Moon conjoined in 11th; Saturn in own sign in 5th.,Ch.41.5
228,H) Wealth (Ch.41),Guru‑5 own & Budha‑11,Jupiter in own sign in 5th; Mercury in 11th.,Ch.41.6
229,H) Wealth (Ch.41),Ma‑5 own & Śukra‑11,Mars owns 5th and sits there; Venus in 11th.,Ch.41.7
230,H) Wealth (Ch.41),Chandra‑5 own & Śani‑11,Moon owns 5th and sits there; Saturn in 11th.,Ch.41.8
231,H) Wealth (Ch.41),Leo asc variant,Leo Lagna: Sun in Leo with aspect/association of Mars & Jupiter.,Ch.41.9
232,H) Wealth (Ch.41),Cancer asc variant,Cancer Lagna: Moon in Cancer with Mercury & Jupiter influence.,Ch.41.10
233,H) Wealth (Ch.41),Mars rising own sign,"Mars rising in own sign with Mercury, Venus & Saturn influence.",Ch.41.11
234,H) Wealth (Ch.41),Mercury rising own sign,Mercury rising in own sign with Saturn & Jupiter influence.,Ch.41.12
235,H) Wealth (Ch.41),Jupiter rising own sign,Jupiter rising in own sign with Mercury & Mars influence.,Ch.41.13
236,H) Wealth (Ch.41),Venus rising own sign,Venus rising in own sign with Saturn & Mercury influence.,Ch.41.14
237,H) Wealth (Ch.41),Saturn rising own sign,Saturn rising in own sign with Mars & Jupiter influence.,Ch.41.15
238,H) Wealth (Ch.41),5L–9L wealth link,5th & 9th lords strong and mutually related → wealth.,Ch.41.16
239,H) Wealth (Ch.41),Lakṣmī‑type Wealth Link,5L and 9L in conjunction; strength condition: both in own signs.,"Ch.41.16, 28–34"
240,H) Wealth (Ch.41),Lakṣmī‑type Wealth Link,5L and 9L in conjunction; strength condition: both exalted or vargottama.,"Ch.41.16, 28–34"
241,H) Wealth (Ch.41),Lakṣmī‑type Wealth Link,5L and 9L in conjunction; strength condition: either in own/exaltation and the other aspected by benefic.,"Ch.41.16, 28–34"
242,H) Wealth (Ch.41),Lakṣmī‑type Wealth Link,5L and 9L in mutual aspect; strength condition: both in own signs.,"Ch.41.16, 28–34"
243,H) Wealth (Ch.41),Lakṣmī‑type Wealth Link,5L and 9L in mutual aspect; strength condition: both exalted or vargottama.,"Ch.41.16, 28–34"
244,H) Wealth (Ch.41),Lakṣmī‑type Wealth Link,5L and 9L in mutual aspect; strength condition: either in own/exaltation and the other aspected by benefic.,"Ch.41.16, 28–34"
245,H) Wealth (Ch.41),Lakṣmī‑type Wealth Link,5L and 9L in parivartana; strength condition: both in own signs.,"Ch.41.16, 28–34"
246,H) Wealth (Ch.41),Lakṣmī‑type Wealth Link,5L and 9L in parivartana; strength condition: both exalted or vargottama.,"Ch.41.16, 28–34"
247,H) Wealth (Ch.41),Lakṣmī‑type Wealth Link,5L and 9L in parivartana; strength condition: either in own/exaltation and the other aspected by benefic.,"Ch.41.16, 28–34"
248,H) Wealth (Ch.41),Lakṣmī‑type Wealth Link,5L and 9L in mutual kendra; strength condition: both in own signs.,"Ch.41.16, 28–34"
249,H) Wealth (Ch.41),Lakṣmī‑type Wealth Link,5L and 9L in mutual kendra; strength condition: both exalted or vargottama.,"Ch.41.16, 28–34"
250,H) Wealth (Ch.41),Lakṣmī‑type Wealth Link,5L and 9L in mutual kendra; strength condition: either in own/exaltation and the other aspected by benefic.,"Ch.41.16, 28–34"
251,H) Wealth (Ch.41),Lakṣmī‑type Wealth Link,5L and 9L in mutual trikona; strength condition: both in own signs.,"Ch.41.16, 28–34"
252,H) Wealth (Ch.41),Lakṣmī‑type Wealth Link,5L and 9L in mutual trikona; strength condition: both exalted or vargottama.,"Ch.41.16, 28–34"
253,H) Wealth (Ch.41),Lakṣmī‑type Wealth Link,5L and 9L in mutual trikona; strength condition: either in own/exaltation and the other aspected by benefic.,"Ch.41.16, 28–34"
254,H) Wealth (Ch.41),Divisional Amplifier,Dignity outcome level 'Parijāta' attained for Lagna lord per varga ladder → elevates wealth results.,Ch.41.18–27
255,H) Wealth (Ch.41),Divisional Amplifier,Dignity outcome level 'Uttama' attained for Lagna lord per varga ladder → elevates wealth results.,Ch.41.18–27
256,H) Wealth (Ch.41),Divisional Amplifier,Dignity outcome level 'Gopura' attained for Lagna lord per varga ladder → elevates wealth results.,Ch.41.18–27
257,H) Wealth (Ch.41),Divisional Amplifier,Dignity outcome level 'Siṁhāsana' attained for Lagna lord per varga ladder → elevates wealth results.,Ch.41.18–27
258,H) Wealth (Ch.41),Divisional Amplifier,Dignity outcome level 'Parvata' attained for Lagna lord per varga ladder → elevates wealth results.,Ch.41.18–27
259,H) Wealth (Ch.41),Divisional Amplifier,Dignity outcome level 'Devaloka' attained for Lagna lord per varga ladder → elevates wealth results.,Ch.41.18–27
260,H) Wealth (Ch.41),Divisional Amplifier,Dignity outcome level 'Brahmaloka' attained for Lagna lord per varga ladder → elevates wealth results.,Ch.41.18–27
261,H) Wealth (Ch.41),Divisional Amplifier,Dignity outcome level 'Iravataṁsa' attained for Lagna lord per varga ladder → elevates wealth results.,Ch.41.18–27
262,I) Penury (Ch.42),1L‑12H & 12L‑1H with maraka,1st lord in 12th and 12th lord in 1st with maraka influence.,Ch.42.2
263,I) Penury (Ch.42),1L‑6H & 6L‑1H with maraka,As above for 6th axis.,Ch.42.3
264,I) Penury (Ch.42),1L‑8H with Ketu on Lagna/Moon,Ascendant or Moon with Ketu while 1L in 8th.,Ch.42.4
265,I) Penury (Ch.42),1L malefic in 6/8/12 & 2L fallen,1L with malefic in 6/8/12; 2L in enemy/debilitation.,Ch.42.5
266,I) Penury (Ch.42),1L with dusthana lords,1L conjoins 6/8/12 lords (or Saturn) without benefic aspect.,Ch.42.6
267,I) Penury (Ch.42),5L‑6H & 9L‑12H maraka afflicted,5L in 6th and 9L in 12th with maraka aspects.,Ch.42.7
268,I) Penury (Ch.42),Malefics in Lagna (exception noted),Malefics in Lagna (except 9L/10L) with maraka links.,Ch.42.8
269,I) Penury (Ch.42),Dusthana dispositors afflicted,Dispositors of 6/8/12 lords again in 6/8/12 and afflicted.,Ch.42.9
270,I) Penury (Ch.42),Moon’s navamsa lord maraka,Navamsa lord of the Moon joins maraka or sits in maraka house.,Ch.42.10
271,I) Penury (Ch.42),Rasi LL & Navamsa LL maraka,Both Lagna lords (Rasi & Navamsa) under maraka influence.,Ch.42.11
272,I) Penury (Ch.42),Benefics in bad houses,Benefics in inauspicious houses while malefics in auspicious ones.,Ch.42.12
273,I) Penury (Ch.42),Dasha harm by dusthana links,Any planet linked to 6/8/12 lords harms finances in its dasha unless trinal lord aspects.,Ch.42.13
274,I) Penury (Ch.42),AK expense factors I,8th/12th from AK aspected by AK’s navamsa lord and Lagna lord.,Ch.42.14
275,I) Penury (Ch.42),AK expense factors II,12th from AK aspected by its dispositor or by Lagna lord.,Ch.42.15
276,I) Penury (Ch.42),Mars+Saturn in 2nd (no Mercury),Mars & Saturn together in 2nd → poverty; cancelled if Mercury aspects.,Ch.42.16–18
277,I) Penury (Ch.42),Sun or Saturn in 2nd with mutual aspect,Sun in 2nd aspected by Saturn (or Saturn in 2nd aspected by Sun) → poverty; otherwise riches.,Ch.42.16–18
278,J) Vaapī Clarification,Vaapī (Nabhasa) pattern,All seven grahas in all panaphara houses (2/5/8/11) OR all apoklima (3/6/9/12).,Ch.35.12
279,J) Vaapī Clarification,Vaapī (Fortune—modern usage),5L & 9L in mutual kendra/trikona/conjunction/aspect and strong — prosperity and grace.,Ch.39 & Ch.41
